<?xml version="1.0" encoding="UTF-8"?>
<model package="localizator" baseClass="xPDOObject" platform="mysql" defaultEngine="MyISAM" phpdoc-package="localizator"
       version="1.1">

       <object class="localizatorLanguage" table="localizator_languages" extends="xPDOSimpleObject">
              <field key="name" dbtype="varchar" precision="100" phptype="string" null="false" default=""/>
              <field key="key" dbtype="varchar" precision="100" phptype="string" null="false" default=""/>
              <field key="cultureKey" dbtype="varchar" precision="100" phptype="string" null="true" default=""/>
              <field key="http_host" dbtype="varchar" precision="100" phptype="string" null="false" default=""/>
              <field key="description" dbtype="text" phptype="string" null="true" default=""/>
              <field key="active" dbtype="tinyint" precision="1" phptype="boolean" null="true" default="1"/>

              <index alias="key" name="key" primary="false" unique="false" type="BTREE">
                     <column key="key" length="" collation="A" null="false"/>
              </index>
              <index alias="cultureKey" name="cultureKey" primary="false" unique="false" type="BTREE">
                     <column key="cultureKey" length="" collation="A" null="true"/>
              </index>
       </object>

       <object class="localizatorContent" table="localizator_content" extends="xPDOSimpleObject">
              <field key="resource_id" dbtype="int" precision="10" attributes="unsigned" phptype="integer" null="true" default="0"/>
              <field key="key" dbtype="varchar" precision="100" phptype="string" null="false" default=""/>
              <field key="pagetitle" dbtype="varchar" precision="255" phptype="string" null="false" default=""/>
              <field key="longtitle" dbtype="varchar" precision="255" phptype="string" null="false" default=""/>
              <field key="menutitle" dbtype="varchar" precision="255" phptype="string" null="false" default=""/>
              <field key="seotitle" dbtype="varchar" precision="255" phptype="string" null="false" default=""/>
              <field key="keywords" dbtype="varchar" precision="255" phptype="string" null="false" default=""/>
              <field key="introtext" dbtype="text" phptype="string" null="true" default=""/>
              <field key="description" dbtype="text" phptype="string" null="true" default=""/>
              <field key="content" dbtype="mediumtext" phptype="string" null="true"  />
              <field key="active" dbtype="tinyint" precision="1" phptype="boolean" null="true" default="1"/>

              <index alias="resource_id" name="resource_id" primary="false" unique="false" type="BTREE">
                     <column key="resource_id" length="" collation="A" null="false"/>
              </index>
              <index alias="key" name="key" primary="false" unique="false" type="BTREE">
                     <column key="key" length="" collation="A" null="false"/>
              </index>

              <aggregate alias="Resource" class="modResource" local="resource_id" foreign="id" cardinality="one" owner="foreign" />
       </object>

       <object class="locTemplateVarResource" table="localizator_tmplvar_contentvalues" extends="xPDOSimpleObject">
              <field key="key" dbtype="varchar" precision="100" phptype="string" null="false" default="" index="index"/>
              <field key="tmplvarid" dbtype="int" precision="10" phptype="integer" null="false" default="0" index="index" />
              <field key="contentid" dbtype="int" precision="10" phptype="integer" null="false" default="0" index="index" />
              <field key="value" dbtype="mediumtext" phptype="string" null="false" />

              <index alias="key" name="key" primary="false" unique="false" type="BTREE">
                     <column key="key" length="" collation="A" null="false" />
              </index>
              <index alias="tmplvarid" name="tmplvarid" primary="false" unique="false" type="BTREE">
                     <column key="tmplvarid" length="" collation="A" null="false" />
              </index>
              <index alias="contentid" name="contentid" primary="false" unique="false" type="BTREE">
                     <column key="contentid" length="" collation="A" null="false" />
              </index>
              <index alias="tv_cnt" name="tv_cnt" primary="false" unique="true" type="BTREE">
                     <column key="key" length="" collation="A" null="false" />
                     <column key="tmplvarid" length="" collation="A" null="false" />
                     <column key="contentid" length="" collation="A" null="false" />
              </index>

              <aggregate alias="TemplateVar" class="modTemplateVar" local="tmplvarid" foreign="id" cardinality="one" owner="foreign" />
              <aggregate alias="Resource" class="modResource" local="contentid" foreign="id" cardinality="one" owner="foreign" />
       </object>

</model>